id,objeto,nome,data,agencia,referencia,pais,valor
159046,Specialized Services in Communication & Social Media,Cênicas Comunicação LTDA,26-Aug-2026,ILO,rfx_6666_ROLAC,Brazil,
159009,Specialized Consultancy Services for the Development of a Human Rights Due Diligence Methodology and Toolkit for the Coffee Production Chain in Brazil,Antonio Rosa Consultoria LTDA,25-Aug-2026,ILO,rfx_7465_ROLAC,Brazil,
158955,RFP UNDP-BRA-01107,Instituto Publix,21-Aug-2026,UNDP,10581649/UNDP-BRA-01107,Brazil,91556.36
159135,Demande de cotations pour Travaux de Réalisation de Forages Tests (2 LOTS) en Haïti,Ozo Water EngineeringB&S GEO-ENGINEERING,27-Jul-2026,UNOPS,EPP - RFQ-HTCO-24319-26-060(NF),Multiple destinations,257333.00
157618,"Contrato Institucional para Produção de videoaulas para o curso autoinstrucional ""Como implementar a Lei da Escuta Protegida no município""",CENA 1 PRODUÇÃO AUDIOVISUAL LTDA,02-Jul-2026,UNICEF,LRPS-2026-9204219,Brazil,
156763,"UNDP-BRA-01145,1",JB PROPAGANDA E MARKETING LTDA,02-Jun-2026,UNDP,"10551177/UNDP-BRA-01145,1",Brazil,1397233.94
157617,Contrato Institucional para Análise de Dados em Imunização,PLANO CDE ELOHIM CONSULTORIA E PESQUISA LTDA,01-Jun-2026,UNICEF,LRPS-2026-9203154,Brazil,
156499,UNDP-BRA-01078 Consultoria Confllitos Agrários,Fórum Brasileiro de Segurança Pública,21-May-2026,UNDP,10541910/UNDP-BRA-01078,Brazil,295355.59
156325,"UNDP-BRA-01085,1 Implantação do Building Information Modeling (BIM) na diretoria de Engenharia e Arquitetura do MPBA",FRAZILLIO SOLUCOES DE TECNOLOGIA LTDA,12-May-2026,UNDP,"10540303/UNDP-BRA-01085,1",Brazil,180626.45
156395,Contratação de Empresa especializada para a Revisão do ENREDD+,Consórcio LACLIMA-WWF,12-May-2026,UNDP,UNDP-BRA-01054,Brazil,97620.00
156266,UNDP-BRA-01086 - Fortalecimento das capacidades governativas dos entes municipais da região da Amazônia Legal,Instituto Publix,11-May-2026,UNDP,10540603/UNDP-BRA-01086,Brazil,49753.04
155977,LONG TERM ARRANGEMENT FOR EVENT PRODUCTION SERVICES FOR UNICEF CHINA,"Beijing DreamSurf Cultural Communication Co., Ltd",28-Apr-2026,UNICEF,RFPS - 2026 - 9202690,Multiple destinations,50000.00
155561,UNDP-BRA-00990 Estudo de Linha de Base (ELB) PAGES,PLAN CONSULTORIA E PESQUISA EM CIENCIAS SOCIAIS [LTDA],08-Apr-2026,UNDP,10526317/UNDP-BRA-00990,Brazil,236068.48
155465,UNDP-BRA-01011,JB PROPAGANDA E MARKETING LTDA,02-Apr-2026,UNDP,10527021/UNDP-BRA-01101,Brazil,34733.63
155366,UNDP-BRA-01030,JB PROPAGANDA E MARKETING LTDA,28-Mar-2026,UNDP,10524888/UNDP-BRA-01094,Brazil,121184.08
155103,UNDP-BRA-01087,H&L PROMOCOES EVENTOS COMUNICACAO,13-Mar-2026,UNDP,10519452/UNDP-BRA-01087,Brazil,20294.78
154979,UNDP-BRA-01081,JB PROPAGANDA E MARKETING LTDA,06-Mar-2026,UNDP,10517245/UNDP-BRA-01081,Brazil,35196.88
154775,Consultoria para estudos e diagnósticos dos Arranjos Produtivos Locais (APLs) na Amazônia Legal.,Cluster Competitiveness and Innovation Consultoria Ltda,22-Feb-2026,UNDP,10511662/UNDP-BRA-00794,Brazil,162860.47
153199,UNDP-BRA-01017,REIS SA INSTALACOES LTDA,15-Jan-2026,UNDP,10499842/UNDP-BRA-01017,Brazil,68100.38
153116,Acordo de Longo Prazo (LTA) para Serviço de Clipagem de Notícias,CLIPPING SERVICE,29-Dec-2025,UNICEF,LRPS-2025-9201095,Brazil,
152939,Advisory Services for PCI-DSS Compliance Across UNICEF Fundraising Channels,1 Cyber Valley Ltd.ControlCase LimitedeSec Forte Technologies Private Limited,23-Dec-2025,UNICEF,UNICEF-PFP-RFPS-2025-503869,Multiple destinations,
153117,Acordo de Longo Prazo (LTA) para Fornecimento de Serviços de Assessoria de Imprensa,Reputale Comunicação Ltda,22-Dec-2025,UNICEF,LRPS-2025-9200925,Brazil,
152543,UNDP-BRA-01014,GAUCHE PROMOCOES E EVENTOS LTDA,11-Dec-2025,UNDP,10489508/UNDP-BRA-01014,Brazil,10353.82
152521,"UNDP-BRA-01009,1",EXEMPLUS COMUNICACAO E MARKETING LTDA EP,10-Dec-2025,UNDP,"10487119/UNDP-BRA-01009,1",Brazil,73182.87
152486,Concepção de Dossiê de Pesquisa e Referências Estéticas para os 30 Anos do PRONAF,Inseptos Filmes Ltda,09-Dec-2025,UNDP,10476586/UNDP-BRA-00975,Brazil,10013.22
152497,"UNDP-BRA-01011,1",DPS EVENTOS LTDA,09-Dec-2025,UNDP,"10488105/UNDP-BRA-01011,1",Brazil,6052.14
152389,UNDP-BRA-00939,FORMATIVA  GESTAO DE PROJETOS DESENVOLVIMENTO ORGANIZACIONAL E DE PESSOAL LTDA,02-Dec-2025,UNDP,10484234/UNDP-BRA-00939,Brazil,264761.64
152993,Consultoria Política de redução de riscos e danos para populações vulneráveis,JS BRASIL Consultoria,24-Nov-2025,UNDP,"UNDP-BRA-00897,1",Brazil,266134.00
152057,Assistance aux entreprises ivoiriennes - Solutions 4.0,Société du pôle de compétitivité de Sousse Novation City,15-Nov-2025,UNIDO,7000007708,Multiple destinations,139500.57
151840,Consultoria Especializada em Business Process Outsourcing (BPO),TS CONSULTORIA EMPRESARIAL S A,07-Nov-2025,UNDP,10469339/UNDP-BRA-00748,Brazil,340600.68
151650,Contratação de um Parque Tecnológico especializado em inovação tecnológica na área espacial,ASSOCIACAO PARQUE TECNOLOGICO DE SAO JOSE DOS CAMPOS,28-Oct-2025,UNDP,"10458978/UNDP-BRA-00890,3",Brazil,274307.91
151561,UNDP-BRA-00980-2,WYNN PRODUCOES E EVENTOS LTDA,24-Oct-2025,UNDP,10462751/UNDP-BRA-00980-2,Brazil,59622.66
152180,SUPPLY OF RESOURCES TO UNFPA HQ FOR THE DEVELOPMENT OF GENERATIVE-AI POWERED APPLICATIONS,"Pace TechnologiesZensar Technologies (UK) Limitediauro Systems Pvt LtdAretec, Inc.Kellton Poland sp. z o.o.Nascenia Limited",24-Oct-2025,UNFPA,UNFPA/USA/RFP/25/011,Multiple destinations,
151468,Provision of ICT for Digital Rural Inclusion and Youth  Empowerment,Corporacion PROCASUR,21-Oct-2025,IFAD,IFAD/2025/012/RFP,Multiple destinations,149280.00
151742,"Aluguel de automóveis para a delegação do PNUD na COP30, em Belém-PA.",HUGO JOSE MELO PINHEIRO,20-Oct-2025,UNDP,10458554,Brazil,42409.24
151406,UNDP-BRA-00967,HS ENGENHARIA EMPREENDIMENTOS COM IMP E EXP LTDA,17-Oct-2025,UNDP,10459032,Brazil,252438.58
153111,"Contrato institucional para realização de diagnóstico sobre a situação das crianças, adolescentes e jovens quilombolas das comunidades do Dandá e do Rio do Macacos no Estado da Bahia.",Toca Ambiental Consultoria e Engenharia LTDA,16-Oct-2025,UNICEF,LRPS-2025-9199404,Brazil,
151168,UNDP-BRA-00957-2,GAUCHE PROMOCOES E EVENTOS LTDA,10-Oct-2025,UNDP,10454967/UNDP-BRA-00957-2,Brazil,17012.01
153107,Contrato Institucional para Serviços de Engenharia para Obras de Reforma no Escritório do UNICEF em Manaus (AM),ORV ENGENHARIA LTDA,10-Oct-2025,UNICEF,LRPS-2025-9198088,Brazil,
150940,"UNDP-BRA-00924,1",MARCELO GOMES DE BARROS PRODUCOES EVENTOS LTDA,06-Oct-2025,UNDP,"10452684/UNDP-BRA-00924,1",Brazil,38938.65
150867,Monitoramento e montagem da Blue Zone da COP30,LRM ENGENHARIA LTDA,04-Oct-2025,UNDP,10452017/UNDP-BRA-00915-3,Brazil,200476.10
150757,UNDP-BRA-00950,JB PROPAGANDA E MARKETING LTDA,29-Sep-2025,UNDP,10449299/UNDP-BRA-00950,Brazil,41558.44
150685,UNDP-BRA-00920,JB PROPAGANDA E MARKETING LTDA,25-Sep-2025,UNDP,10442342/UNDP-BRA-00920,Brazil,90125.08
153115,Acordo de Longo Prazo (LTA) para Serviço de Propaganda e Publicidade Digital para a Compra de Mídia para Veiculação de Campanhas Publicitárias nos Canais Online e Análise de Resultados.,ID PUBLICIDADE E PROPAGANDA LTDA,22-Sep-2025,UNICEF,LRPS-2025-9197404,Brazil,
150616,UNDP-BRA-00937,JB PROPAGANDA E MARKETING LTDA,19-Sep-2025,UNDP,10444641/UNDP-BRA-00937,Brazil,107112.19
150494,"UNDP-BRA-00940,2",H&L PROMOCOES EVENTOS COMUNICACAO,12-Sep-2025,UNDP,"10441774/UNDP-BRA-00940,2",Brazil,24631.76
150495,UNDP-BRA-00730,OBJECTIVA COMUNICACAO LTDA,12-Sep-2025,UNDP,"10439741/UNDP-BRA-00730,1",Brazil,220214.20
150201,Fuel services for UNISFA,OIL ENERGY CO. LTD,01-Sep-2025,UN Secretariat,PD/C0170/25,Multiple destinations,30000000.00
149928,Contratação de consultoria nacional para elaborar diagnóstico dos riscos e vulnerabilidades climáticas do Município de Osasco.,I CARE ESTRATEGIA AMBIENTAL LTDA,25-Aug-2025,UNDP,10430676/UNDP-BRA-00740,Brazil,74084.18
150762,EXTENDED - Evaluation of the PhosAgro/UNESCO/IUPAC partnership in green chemistry 2013-2025,IINOMER,25-Aug-2025,UNESCO,RFP/SC/PBS/RIE/1,Multiple destinations,62134.50
149831,UNDP-BRA-00892-2,GAUCHE PROMOCOES E EVENTOS LTDA,19-Aug-2025,UNDP,10428422/UNDP-BRA-00892-2,Brazil,20107.85
150861,RFP ED/PSD/GCP/25/012 - Development of a global mapping of core concepts related to SDG target 4.7 in national curricular documents,"The Research Foundation for The State University of New York, University at Albany",15-Aug-2025,UNESCO,RFP ED/PSD/GCP/25/012,Multiple destinations,149191.00
152117,"Event Management Services to support organization of the EdCamp - 2025 ""Together for quality education: inclusion, safety and support"".",RS COMMUNICATIONS LTD,14-Aug-2025,UNICEF,9199132,Multiple destinations,
149594,UNDP-BRA-00820,PORTOS INFORMATICA LTDA,07-Aug-2025,UNDP,UNDP-BRA-10106,Brazil,
149600,"UNDP-BRA-00883,1",JB PROPAGANDA E MARKETING LTDA,07-Aug-2025,UNDP,"10424807/UNDP-BRA-00883,1",Brazil,11420.85
149661,Mapping of selected automotive industry sub-sectors and value chains for circular economy pilot identification in Egypt,ACUMEN CONSULT FOR CONSULTING LTD,07-Aug-2025,UNIDO,7000007676,Multiple destinations,39721.33
149570,UNDP-BRA-00881,JB PROPAGANDA E MARKETING LTDA,06-Aug-2025,UNDP,10423751/UNDP-BRA-00881,Brazil,18210.43
149521,UNDP-BRA-00887,JB PROPAGANDA E MARKETING LTDA,04-Aug-2025,UNDP,10423588/UNDP-BRA-00887,Brazil,70759.43
149502,Maloca,Spatial Systems Inc,01-Aug-2025,UNDP,10422599/UNDP-BRA-00888,Brazil,148000.00
149437,UNDP-BRA-00877,JB PROPAGANDA E MARKETING LTDA,30-Jul-2025,UNDP,10422136/UNDP-BRA-00877,Brazil,21815.64
153112,Contrato Institucional para prestação de Serviço de Assistência Técnica Especializada no Cumprimento de Medidas Socioeducativas,Vidya Serviços de Comunicação LTDA,24-Jul-2025,UNICEF,LRPS-2025-9196773,Brazil,
149198,Planejamento estratégico para a Secretaria de Relações Sociais do Estado do Piauí.,INSTITUTO DE TECNOLOGIA E DESENVOLVIMENTO DE MINAS GERAIS,16-Jul-2025,UNDP,"10414169/UNDP-BRA-00686,1",Brazil,32658.02
149174,UNDP-BRA-00763 Consultoria para para apoio nas ações de comunicação para o Projeto Floresta+ Amazônia.,AMPLA SERVICOS DE PROPAGANDA E PUBLICIDADE LTDA,15-Jul-2025,UNDP,"10414702/UNDP-BRA-00763,2",Brazil,64329.69
149140,UNDP-BRA-00712 Implantação do ChatBot Mauá na Ouvidoria do MMA,FIRST DECISION TECNOLOGIAS INOVADORAS E INFORMATICA LTDA,14-Jul-2025,UNDP,"10414212/UNDP-BRA-00712,1",Brazil,80007.26
149074,Communications for COP30,"Daniel J. Edelman, Inc.",11-Jul-2025,UNDP,"10407114/UNDP-BRA-00751,1",Brazil,834850.00
148886,UNDP-BRA-00844,JB PROPAGANDA E MARKETING LTDA,04-Jul-2025,UNDP,10411793/UNDP-BRA-00844,Brazil,11906.66
148848,UNDP-BRA-00842,JB PROPAGANDA E MARKETING LTDA,02-Jul-2025,UNDP,10410850/UNDP-BRA-00842,Brazil,147300.66
148813,UNDP-BRA-00841,H&L PROMOCOES EVENTOS COMUNICACAO,01-Jul-2025,UNDP,10410202/UNDP-BRA-00841,Brazil,9835.81
148695,Avaliação de meio termo do Programa Justiça 4.0,Instituto Publix,24-Jun-2025,UNDP,"10406383/UNDP-BRA-00734,1",Brazil,58785.37
148543,UNDP-BRA-00829,JB PROPAGANDA E MARKETING EIRELI,16-Jun-2025,UNDP,10403274,Brazil,142240.04
153106,Contrato Institucional para Serviços de Engenharia para Obras de Reforma no Escritório do UNICEF em Manaus (AM),NAY CAMISETERIA EIRELI ME,11-Jun-2025,UNICEF,LRPS-2025-9198088,Brazil,
148229,UNDP-BRA-00807,JB PROPAGANDA E MARKETING EIRELI,29-May-2025,UNDP,"10395814/UNDP-BRA-00807,1",Brazil,18988.47
147929,Estudos socioeconômico e logístico do Corredor Rodoviário Bioceânico.,CERTARE ENGENHARIA E CONSULTORIA LTDA,13-May-2025,UNDP,"10388195/UNDP-BRA-00651,1",Brazil,575110.95
153118,Acordo de Longo Prazo (LTA) de serviços de Agência de Publicidade e Marketing para Projetos Especiais,ON THE NOSE PRODUCOES ARTISTICAS CULTURAIS E EVENTOS LTDA,12-May-2025,UNICEF,LRPS-2025-9195691,Brazil,
147766,"UNDP-BRA-00699,1",Earth Innovation Institute [EII],06-May-2025,UNDP,"10385504/UNDP-BRA-00699,1",Brazil,166028.03
147640,UNDP-BRA-00771,JB PROPAGANDA E MARKETING EIRELI,29-Apr-2025,UNDP,10382594/UNDP-BRA-00771,Brazil,41800.44
147603,UNDP-BRA-00771,JB PROPAGANDA E MARKETING EIRELI,25-Apr-2025,UNDP,10382035/UNDP-BRA-00772,Brazil,12495.29
147419,"UNDP-BRA-00677,1",MATIZES - PESQUISA E E D LTDA,15-Apr-2025,UNDP,"10377847/UNDP-BRA-00677,1",Brazil,30234.18
147438,"Provision of External Coaching, Facilitation, and Training Support Services",Be Inspirational Group LimitedeCoachPro B.V.10Eighty LTD,15-Apr-2025,UNFPA,UNFPA/USA/RFP/24/012,Multiple destinations,
147763,Fundraising Software as a Service Platform for the Recruitment & Management of Donors,Waysact Pty Ltd,17-Mar-2025,UNICEF,UNICEF-PFP-2024-RFPS-503755,Multiple destinations,
146733,Reputational Risk Management and Crisis Communications,4C Strategies,14-Mar-2025,UNHCR,UNHCR RFP: 126,Multiple destinations,
147595,Contração de serviços de Manutenção de Sistema de Controle de Acesso e CFTV,GS TELECOM,25-Feb-2025,UNDP,UNDP-BRA-00700,Brazil,24419.00
153113,"Contrato institucional para fornecimento, transporte, treinamento de operadores e instalação de Estação de Tratamento de Água do tipo Filtração Lenta Direta Ascendente Pressurizada ascendente para remoção de ferro na água.",IDEAL SAN COMÉRCIO E SERVIÇOS LTDA.,17-Feb-2025,UNICEF,LRPS-2025-9195225,Brazil,
146023,Services to Support CRVS Systems Strengthening Initiatives,"Open Data Watch, INC",30-Jan-2025,UNFPA,UNFPA/USA/RFP/24/023,Multiple destinations,
146275,GOOGLE MARKETING PLATFORM LICENSE AND CONSULTANCY SERVICES,Trakken GmbHDQ&A Nederland BV,30-Jan-2025,UNHCR,"UNHCR RFP: 110,1",Multiple destinations,
146391,REQUEST FOR PROPOSAL FOR THE ESTABLISHMENT OF A FRAME AGREEMENT FOR THE PROVISION OF GOOGLE MARKETING PLATFORM LICENSE AND CONSULTANCY SERVICES,Trakken GmbH,30-Jan-2025,UNHCR,"UNHCR RFP: 110,1",Multiple destinations,
146427,Google Marketing Platform License and Consultancy Services,Trakken GmbH,30-Jan-2025,UNHCR,FA003760,Multiple destinations,
145800,UNDP-BRA-00680,H&L PROMOCOES EVENTOS COMUNICACAO,18-Jan-2025,UNDP,10344204/UNDP-BRA-00680,Brazil,10542.23
152084,Provision of long-term services relating to the development of Integrated Agro-Food Parks,Artelia Consulting Engineers Ltd,16-Jan-2025,UNIDO,4000000690,Multiple destinations,
152085,Provision of long-term services relating to the development of Integrated Agro-Food Parks,Buro Happold Limited,16-Jan-2025,UNIDO,4000000691,Multiple destinations,
152086,Provision of long-term services relating to the development of Integrated Agro-Food Parks,C.S.I. Ingenieros S.A.,16-Jan-2025,UNIDO,4000000692,Multiple destinations,
152087,Provision of long-term services relating to the development of Integrated Agro-Food Parks,Ernst and Young,16-Jan-2025,UNIDO,4000000693,Multiple destinations,
152088,Provision of long-term services relating to the development of Integrated Agro-Food Parks,FARRELLY MITCHELL BUSINESS CONSULTANTS LIMITED,16-Jan-2025,UNIDO,4000000694,Multiple destinations,
152089,Provision of long-term services relating to the development of Integrated Agro-Food Parks,Grant Thornton Bharat LLP,16-Jan-2025,UNIDO,4000000695,Multiple destinations,
152090,Provision of long-term services relating to the development of Integrated Agro-Food Parks,IRD ENGINEERING SRL,16-Jan-2025,UNIDO,4000000696,Multiple destinations,
152091,Provision of long-term services relating to the development of Integrated Agro-Food Parks,Studio Martini Ingegneria Srl,16-Jan-2025,UNIDO,4000000697,Multiple destinations,
152092,Provision of long-term services relating to the development of Integrated Agro-Food Parks,SU-YAPI Engineering,16-Jan-2025,UNIDO,4000000698,Multiple destinations,
152093,Provision of long-term services relating to the development of Integrated Agro-Food Parks,Tecnica Engenheiros Consultores LDA,16-Jan-2025,UNIDO,4000000699,Multiple destinations,
146148,Reputational Risk Management and Crisis Communications,Social Simulator Ltd,20-Dec-2024,UNHCR,UNHCR RFP: 126,Multiple destinations,
145309,Desenvolvimento da Ferramenta SNIPER BC,ALVARO FERNANDES DE ABREU JUSTEN,19-Dec-2024,UNDP,10311275,Brazil,563777.95
148315,Desenvolvimento da Ferramenta SNIPER BC,ALVARO FERNANDES DE ABREU JUSTEN,19-Dec-2024,UNDP,10311275/UNDP-BRA-00477,Brazil,563777.95
145318,External Evaluation of the International Task Force on Teachers for Education 2030’s 2022-2025 Strategic Plan the request for proposal is extended until Monday 19th August 2024 at 16:00pm Paris time.,Mokoro Ltd,16-Dec-2024,UNESCO,RFP/ED/PLS/TED/TTF/24/07,Multiple destinations,65726.00
145573,Individual Giving Business Intelligence Services (Individual Giving Fundraising),Consol Giving Inc.,10-Dec-2024,UNICEF,UNICEF-PFP-RFPS-2024-503760,Multiple destinations,
145577,Fundraising Excellence Programme – Understanding Preferences & Personal Leadership Style,Insights Schweiz AG,05-Dec-2024,UNICEF,UNICEF-PFP-RFPS 503676,Multiple destinations,
144759,"Serviço de consultoria para elaboração de estudo sobre fatores operacionais, econômicos, sociais e comportamentais relacionados à alimentação saudável e atividade física em comunidades vulneráveis de grandes centros urbanos",PLANO CDE ELOHIM CONSULTORIA E PESQUISA LTDA,28-Nov-2024,UNICEF,LRPS-2024-9192111,Brazil,
144435,Contratação de Empresa para o Encontro Nacional do Poder Judiciário em Campo Grande/MS nos dias 02 e 03/12/2024,UTIL EVENTOS PROMOCIONAIS LTDA,13-Nov-2024,UNDP,10310248/UNDP-BRA-00568-2,Brazil,98318.25
144403,UNDP-BRA-00626,PRONTO EVENTOS TECNOLOGIA E INTEGRACAO LTDA,12-Nov-2024,UNDP,10311436/UNDP-BRA-00626-2,Brazil,143351.80
144164,"UNES-2179/2024 - Long-Term Agreement LTA which aims to provide services for the realization of events, including planning, organization, coordination, execution and evaluation.","Gauche Promoções e Eventos LtdaLUMINAR EVENTOS E COMUNICAÇÃO LTDAJB PROPAGANDA E MARKETING EIRELIH&L Promoções, Eventos e Comunicação Eireli - EPP",31-Oct-2024,UNESCO,UNES-2179/2024,Brazil,
143897,UNDP-BRA-00378,HEX INFORMATICA LTDA,16-Oct-2024,UNDP,"10294504/UNDP-BRA-00378,2",Brazil,198718.86
143868,Contratação de Empresa Especializada para Realização de Grupos Focais e Entrevistas com População Atingida por Desastre Ambiental em Maceió,Associação Cultural Casa das Caldeiras,10-Oct-2024,UNOPS,RFQ/2024/53317,Brazil,28822.28
146147,RFP for Strengthening the Response Capacity to Country Information Needs,Asylum Research Centre (ARC),10-Oct-2024,UNHCR,UNHCR RFP: 29,Multiple destinations,
145576,"Strategic Planning, Content and Training Facilitation",C & E Advisory Services Limited,26-Aug-2024,UNICEF,UNICEF-RFPS-PFP-2024-503680,Multiple destinations,
142742,PROVISION OF SERVICES RELATED TO THE DEVELOPMENT AND IMPLEMENTATION OF AWARENESS AND COMMUNICATION PLAN FOR THE UNIDO PARTNERSHIP FOR NET ZERO INDUSTRY PROGRAMME,Small World Stories Pty Ltd,14-Aug-2024,UNIDO,3000131470,Multiple destinations,
142573,Provision to recruit a national institutional consultancy to harmonize data collection templates to generate standard justice for children indicators as per the attached TOR.,Institute for Participatory Interaction in Development (IPID),07-Aug-2024,UNICEF,LRPS-2024-9190141,Multiple destinations,14390.00
142733,AB TESTING and PERSONALIZATION TOOL & SERVICES,Optimizely AB,24-Jul-2024,UNICEF,RFPS-PFP-2023-503625,Multiple destinations,
142314,UNDP-BRA-00429,WayCarbon Soluções Ambientais e Projetos de Carbono,22-Jul-2024,UNDP,10251621/UNDP-BRA-00429,Brazil,66691.37
143966,"Contratação para desenvolver plano de divulgação do novo modelo de atuação do 1MiO e criar instrumentos de reconhecimento, certificação e mensuração do impacto da inclusão produtiva jovem nas empresas",CASA CAUSE AGENCIA DE INFORMAÇÃO LTDA,08-Jul-2024,UNICEF,LRPS-2024-9189777,Brazil,
143965,Acordo de Longo Prazo (LTA) para contratação dos serviços de empresa/instituição especializada no desenvolvimento de jornada formativa em Diversidade e Inclusão Produtiva Jovem para Profissionais de Organizações Públicas e Privadas,SRN plataformas,07-Jul-2024,UNICEF,LRPS-2024-9189577,Brazil,
141925,"UNDP-BRA-00403,2 -  Consultoria para a adequação do MDIC à LGPD",MODULO SECURITY SOLUTIONS EM RECUPERACAO JUDICIAL,26-Jun-2024,UNDP,"10240647/UNDP-BRA-00403,2",Brazil,36325.46
143970,"Contratação de serviço para desenvolvimento de materiais e aplicação de formação de profissionais para aprimoramento da qualidade de serviços de pré-natal, parto e puerpério",Rede pela Humanização do Parto e Nascimento,24-Jun-2024,UNICEF,LRPS-2024-9190542,Brazil,
141821,UNDP-BRA-00401 - Incentivo às Exportações de MPEs Brasileiras,Azevedo Sette Advogados Associados,20-Jun-2024,UNDP,"10240664/UNDP-BRA-00401,2",Brazil,54387.91
141730,Consultoria técnica para elaboração de base de dados dos IGATIs,COLETIVO 105,07-Jun-2024,UNDP,UNDP-BRA-00345,Brazil,24222.00
141699,Consultoria para fornecer subsídios à estruturação do Programa Selo Verde BR,Sextante Ltda,05-Jun-2024,UNDP,"UNDP-BRA-00402,2",Brazil,64722.00
141988,"Office optimisation of the OPCW Headquarters, The Hague",No Supplier - RFI,02-Jun-2024,OPCW,RFI-GSS-2024-002,Multiple destinations,
143975,Contratação de empresa para produção de estudo sobre habilidades e inclusão socioprodutiva de jovens na transformação ecológica (green skills e green jobs),Plan Consultoria e Pesquisa em Cienciais Sociais Ltda EPP,27-May-2024,UNICEF,RFPS-2024-9189411,Brazil,
141641,Diagnóstico sobre medidas de sustentabilidade com impacto no comércio exterior,Global Policy Incubator,23-May-2024,UNDP,"UNDP-BRA-00400,2",Brazil,78804.89
141351,Consultoria PJ TR Justiça Restaurativa,CATALISE,14-May-2024,UNDP,"UNDP-BRA-00331,1",Brazil,114123.00
140884,"Global Media Monitoring, Social Listening & Analysis",UNICEPTA UK,25-Apr-2024,UNICEF,RFPS-PFP-2023-503658,Multiple destinations,
140869,Estratégia para diagnóstico e prevenção à Tortura em ambiente prisional,ASSOCIACAO UNIAO DE JOVENS VICENTE PINZON,24-Apr-2024,UNDP,UNDP-BRA-00317,Brazil,150268.00
140885,Estratégia para inclusão laboral/produtiva de egressos do sistema prisional,JS/BRASIL CONSULTORIA LTDA EPP,22-Apr-2024,UNDP,UNDP-BRA-00319,Brazil,100372.00
140908,Mid-term Evaluation of the UNFPA Supplies Partnership (2021 – 2030),Euro Health Group,10-Apr-2024,UNFPA,RFP UNFPA/USA/RFP/24/003,Multiple destinations,
140907,PROVISION OF FORMATIVE EVALUATION OF UNFPA SUPPORT TO THE INTEGRATION OF THE PRINCIPLES OF ‘LEAVE NO ONE BEHIND’ AND ‘REACHING THE FURTHEST BEHIND’ to HQ,Euro Health Group,08-Apr-2024,UNFPA,RFP UNFPA/USA/RFP/23/023,Multiple destinations,
140620,EXTENDED - Evaluation of the Abdus Salaam International Centre for Theoretical Physics (ICTP),Economistas de la Cooperación SL,27-Mar-2024,UNESCO,RFP / IOS / EVS / ICTP / 2024,Multiple destinations,55010.95
140414,"Expansion of the ICAT climate action data tool for the transport sector and development of a climate action data tool for the waste sector, including application of the tool in up to three countries",Climate Smart Initiatives Private Limited,18-Mar-2024,UNOPS,CFP-11875-2023-13,Multiple destinations,245233.33
140054,Psychometric Assessments,Insights L&D,22-Feb-2024,UNFPA,UNFPA/USA/RFQ/23/072,Multiple destinations,
145617,RFP 22-2024 - Evaluación de Municipio Unido por la Niñez y la Adolescencia,ZIGLA SRL,29-Jan-2024,UNICEF,22-2024,Multiple destinations,43276.00
139742,Contratação de serviço para desenvolvimento de metodologia e condução de facilitação de atividades,Matres Socioambiental,23-Jan-2024,UNICEF,LRQS-2024-9187920,Brazil,
139893,Long Term Arrangements for Services (LTAS) for Media Buying,Terra Firma Associates SPRLMindshare Media UK Ltd,22-Jan-2024,UNICEF,RFPS-PFP-2023-503615,Multiple destinations,
140882,Provision of access to and use of a UNICEF customized digital research platform,Analytics Simplified Pty Ltd,22-Jan-2024,UNICEF,UNICEF-RFPS-PFP-2023-503606,Multiple destinations,
140883,Provision of access to and use of a UNICEF customized digital research platform,Analytics Simplified Pty Ltd,22-Jan-2024,UNICEF,UNICEF-RFPS-PFP-2023-503606,Multiple destinations,
139797,Re-publicado. Acordo de longo prazo (LTA) para o fornecimento de acesso à Internet aos Escritórios das agências da ONU no Brasil,BRFIBRA TELECOMUNICAÇÕES LTDACIRION TECNHOLOGIES DO BRASIL LTDA.CLARO S ATELEFONICA BRASIL S/A,15-Jan-2024,UNICEF,LRPS-2023-9185776,Brazil,
140408,Translation of ICAT guides on Article 6 and Agriculture into Russian and design and execution of an outreach campaign to increase the accessibility of the guides in Central Asia,CAREC,04-Jan-2024,UNOPS,CFP-11875-2023-08,Multiple destinations,
139253,"Elaboração de Projetos de Arquitetura e Engenharia para cinco Escolas Municipais de Educação Infantil (EMEI) localizadas em Porto Alegre, Brasil",UMA ARQUITETOS S/S LTDA,19-Dec-2023,UNOPS,RFP/2023/48885,Brazil,137207.42
150944,Communications Support #Together4Transparency for the Initiative for Climate Action Transparency (ICAT),Blossom Srl,17-Nov-2023,UNOPS,RFQ/2023/49048,Multiple destinations,
139026,LTA for Strategic Innovation Advisory Serivces,Beyond Group SALBoard of Innovation BVContextF B.V.endeva UGEuskampus Fundazioa Agirre Lehendakaria CenterIntegrity Globalinternational organisation development IOD ParcReinstitute INCReos PartnersThinkPlace Global Development Pty LtdZutari Africa LimitedDemos Helsinki oyBrink Innovation Ltd,30-Oct-2023,UNDP,GP601139,Multiple destinations,
139055,Support for Delivering Technical Communications Strategies on Sexual and Reproductive Health,"Mozaic Consulting, IncM&C Saatchi World Services LLPMolloy Consultants, LLC",25-Oct-2023,UNFPA,UNFPA/USA/RFQ/23/025,Multiple destinations,
138930,Consultancy for the preparation of a qualitative Behavioral Drivers Model study for the identification of factors associated with vector-borne diseases,PLANO CDE ELOHIM CONSULTORIA E PESQUISA LTDA,01-Oct-2023,UNICEF,LRPS-2023-9184301,Brazil,
138181,Supplier Management Services,Hexaware Technologies Ltd.,29-Sep-2023,UNFPA,UNFPA/USA/RFP/23/009,Multiple destinations,
139761,"Long Term Arrangement for Services (LTAS) For the provision of   Global Public Relations Services including Brand, Communication, Crisis   Management, Digital Services at a Global Level","Allison & Partners LLCCitizen Relations IncHavas PR North America, Inc., d/b/a Red Havas",27-Sep-2023,UNICEF,RFPS-PFP-2023-503523,Multiple destinations,
137548,Contratação de serviço de acompanhamento técnico na facilitação de processos e implementação transformativa da #AgendaCidadeUNICEF Brasil,Reos Partners Brasil,20-Sep-2023,UNICEF,LRQS-2023-9185164,Brazil,
137537,"Contrato institucional para serviços especializados de organização, planejamento, promoção e execução de eventos para a realização do Seminário Nacional da UAPI",Gauche Promoções e Eventos Ltda,18-Sep-2023,UNICEF,LRQS-2023-9184871,Brazil,
136746,Acordo de Longo Prazo (LTA) para prestação de serviços de mão de obra terceirizada para limpeza/conservação e recepção para o escritório do UNICEF em Recife.,Inove Terceirização de Serviços,24-Jul-2023,UNICEF,LRQS-2023-9183663,Brazil,
136532,"Re-Adverstise-Contrato Institucional para contratar uma empresa para coletar dados quantitativos e qualitativos com diretores, professores, Dirigentes Municipais de Educação, Associação dos pais e alunos de escolas com desvio positivo no Estado do Maranhão",Oportunidades Estudos Sociais Espírito Santo Ltda. -ME,10-Jul-2023,UNICEF,LRPS-2023-9181599,Brazil,
136318,Acordo de Longo Prazo (LTA) para contratação de pessoa jurídica para apoiar as ações de acompanhamento da agenda legislativa do Congresso Nacional e monitoramento das principais atividades de ministérios selecionados do Executivo Federal,PULSO PÚBLICO Assessoria e Consultoria LTDA,26-Jun-2023,UNICEF,LRPS-2023-9182236,Brazil,
136669,"REQUEST FOR PROPOSAL (RFP) Provision of Sampling and Inspection Services for condoms, personal lubricants and copper IUDs RFP Reference No.: UNFPA/DNK/RFP/22/009",Intertek Italia SpABaltic Control A/SVIGLIENZONE ADRIATICA S.R.L.,26-Jun-2023,UNFPA,UNFPA/DNK/RFP/22/009,Multiple destinations,
136282,Contratação de serviço de consultoria estratégica para engajamento do setor privado na iniciativa Um Milhão de Oportunidades (1MiO),CASA CAUSE AGENCIA DE INFORMAÇÃO LTDA,14-Jun-2023,UNICEF,LRPS-2023-9181542,Brazil,
135463,"EXTENDED - Global study on the economic, fiscal and social cost of out-of-school children and young people’s disengagement from education",BRUNELLO Giorgio,07-Apr-2023,UNESCO,RFP/ED/E30/IGE/10/2022,Multiple destinations,32103.11
135917,Acordo de Longo Prazo (LTA - Long Term Agreement) para serviço de tecnologia e comunicação para realizar monitoramento do ambiente digital (social listening),FILIPE M.C.B.G. PASCOA TREINAMENTO E CONSULTORIA,06-Apr-2023,UNICEF,LRPS-2022-9176466,Brazil,
135040,Lot 3 (RFP/17/2022/JUG) Graphic Design for Other Publications,"Blossom SrlBy Facility S.Le-mage di Maurizio CostanzaMissing Element, spol. s r.o.The Visual Agency srl",13-Mar-2023,ILO,rfx_25,Multiple destinations,
135041,Lot 2 (RFP/17/2022/JUG) Layout and Typesetting for Strategic Publications,"Blossom SrlBy Facility S.LMissing Element, spol. s r.o.",13-Mar-2023,ILO,rfx_24,Multiple destinations,
135042,Lot 1 (RFP/17/2022/JUG) Conceptual Design for Strategic Publications,Blossom SrlFuture by Design d.o.o. Novi Sad,13-Mar-2023,ILO,rfx_20,Multiple destinations,
134595,Product Innovation and Solution Development around Fundraising,"Hellon limitedWhatAVenture GmbHByld Startups, S.L.Sopra Steria ASWunderman JWT PortugalIpsos UK LtdBlue State Digital, Inc.TheVentury GmbhMAIZE S.R.L.capgemini consultingZühlke Engineering (Austria) GmbHAccenture AGDeloitte Consulting AG",16-Jan-2023,UNICEF,UNICEF-PFP-RFPS-503491,Multiple destinations,
136209,"Acordo de Longo Prazo (LTA) - Serviços de telemarketing ativo e receptivo, via troca de mensagens e processamento de dados para cobrança das doações.",Sercom Servicos Digitais LtdaESTILO TELEMARKETING E CONSULTORIA LTDA,10-Jan-2023,UNICEF,LRPS 2022 9178737,Brazil,
134614,LTA for Use of Unmanned Aerial Systems (UAS) for Disaster Preparedness and Disaster Response in Malawi,GLOBHESwoop Aero Pty LtdRSS-Hydro,15-Dec-2022,UNICEF,9165345,Multiple destinations,
133928,"International consultancy to examine short-term and intermediate learning, health and social outcomes of CSE","The Torchlight Collective, LLC",14-Dec-2022,UNESCO,RFP/ED/HAE/21/007,Multiple destinations,306320.01
132834,Contrato institucional para conduzir uma pesquisa remota e presencial (quanti/quali) com adolescentes e jovens vivendo com HIV ou com outras infecções sexualmente transmissíveis,Oportunidades Estudos Sociais Espírito Santo Ltda. -ME,27-Oct-2022,UNICEF,LRPS-2022-9177460,Brazil,
132680,Contrato institucional para conduzir pesquisa domiciliar via telefone sobre os impactos primários e secundários da COVID-19 na saúde de famílias e crianças brasileiras,INTELIGENCIA EM PESQUISA E CONSULTORIA LTDA,24-Oct-2022,UNICEF,LRPS-2022-9177579,Brazil,
132249,"Contratação de serviço para elaboração de estudo CAP (conhecimentos, atitudes e práticas) sobre xenofobia e discriminação contra refugiados e migrantes da Venezuela em Boa Vista, Pacaraima e Manaus",Plan Consultoria e Pesquisa em Cienciais Sociais Ltda EPP,19-Sep-2022,UNICEF,LRPS-2022-9174337,Brazil,
132251,"Contratação de empresa/instituição para realizar um diagnóstico rápido sobre a garantia de direitos de crianças e adolescentes nos municípios de Belém/PA, São Luís/MA e Manaus/AM, no âmbito do programa Agenda Cidade UNICEF.",Tewá 225 Projetos ME,13-Sep-2022,UNICEF,LRPS-2022-9176265,Brazil,
132110,Contratação de serviços especializados para execução de obra para construção de banheiro público em regime de empreitada global.,L Ferreira Lopes Eireli Me,31-Aug-2022,UNICEF,LRPS-2022-9175367,Brazil,
131793,Development and Support Services for Adobe Commerce Cloud (Magento),e-Zest Solutions Inc.,23-Aug-2022,ICAO,ICAO/00045,Multiple destinations,38600.00
131778,"Acordo de Longo Prazo (LTA) para a criação e produção de peças e campanhas de marketing, captação de recursos e prospecção de legados",Greenhouse - (Bodytype Criação Ltda)Reputale Comunicação LtdaMáquina Do Bem,23-Aug-2022,UNICEF,LRPS-2022-9175666,Brazil,
131780,Acordo de Longo Prazo (LTA) para serviço de Assessoria de Imprensa.,Reputale Comunicação Ltda,23-Aug-2022,UNICEF,LRPS-2022-9176236,Brazil,
131742,Serviços de planejamento e compra de espaço de mídia para campanha de arrecadação de recursos por DRTV.,OMZ Ideias em Comunicação LtdaR. Comunicação e Marketing Ltda,17-Aug-2022,UNICEF,LRPS-2022-9174505,Brazil,
131794,Provision of Support Services for the ERP Unit 4 Business Word,Gcon4 Spain SL,16-Aug-2022,ICAO,ICAO/00063,Multiple destinations,66000.00
131738,Consultancy for the Provision of a Financial Disclosure Programme Verification Exercise,Hudson Ethics 2 LLC,09-Aug-2022,UNFPA,UNFPA/USA/RFQ/2022/022,Multiple destinations,
132178,Supply of Electricity,LLC Tbilisi Electricity Retail Company,15-May-2022,UNOPS,21300-01/22270-001/22483-001/Procurement-Electricity/006,Multiple destinations,5705.85
130680,Provision of an online Greenhouse Gas (GHG) calculation tool in compliance with the GHG Protocol,Impacti LLC,02-May-2022,UNFPA,UNFPA/USA/RFQ/22/001,Multiple destinations,
131718,Contratação de serviço de revisão do Núcleo Básico Brasil (NBB) SIPIA,Rompenuve Socioambiental Ltda,08-Feb-2022,UNICEF,LIBS-2022-9172681,Brazil,
134566,Provision of an online Greenhouse Gas (GHG) calculation tool in compliance with the GHG Protocol,Impacti LLC,02-Jan-2022,UNFPA,UNFPA/USA/RFQ/22/001,Multiple destinations,
128883,"Develop UNFPA’s humanitarian leadership training program, and deliver training workshops, both through online and in-person formats.",Deakin University-Centre for Humanitarian Leadership,10-Dec-2021,UNFPA,RFQ Nº UNFPA/USA/RFQ/21/092,Multiple destinations,
128504,Virtual Event Management & Coordination of the 2021 Policy Dialogue Forum (PDF) for the International Task Force on Teachers for Education 2030,Social27 Inc.,09-Nov-2021,UNESCO,RFP/ED/PLS/TED/21/34,Multiple destinations,106650.00
128505,Virtual Event Management & Coordination of the 2021 Policy Dialogue Forum (PDF) for the International Task Force on Teachers for Education 2030,Social27 Inc.,09-Nov-2021,UNESCO,RFP/ED/PLS/TED/21/34,Multiple destinations,106650.00
128886,Campagne de communication et Missions d’accompagnement des équipes de Communication,ROOFTOP VIDEO PRODUCTIONS CC,14-Oct-2021,UNESCO,UNESCO/DPI/RFP/03/2021,Multiple destinations,347200.00
124456,"CONTRATAÇÃO DE ESTUDOS GEOTÉCNICOS, LEVANTAMENTO PLANIALTIMÉTRICO E CADASTRAL COM A ELABORAÇÃO DE PROJETOS EXECUTIVOS REFERENCIAIS DE ARQUITETURA E DE ENGENHARIA PARA UNIDADE SOCIOEDUCATIVA DE INTERNAÇÃO MASCULINA NO MUNICÍPIO DE DUQUE DE CAXIAS.",Archi5 Arquitetos Associados Ltda.,27-Aug-2021,UNOPS,BPC/EXP/RFP/2021/04,Brazil,230377.00
129354,"DEADLINE EXTENDED - Review of the second cycle (2014-2020) of the “UNESCO/Emir Jaber al Ahmad al Jaber al Sabah Prize for Digital Empowerment of Persons with Disabilities""",INSPIRING VISION FOR CONSULTING,09-Aug-2021,UNESCO,RFQ/CI/UAI/01/2021,Multiple destinations,7980.00
122421,Development of a Digital Platform to Connect Learners with Educators and Educational Resources - “GLH Connect”,Phoenix Design Aid A/S,12-Jul-2021,UNESCO,RFP/ED/PLS/EDP/21/08,Multiple destinations,86582.33
128994,Video editing and production for online training course on AI and the Rule of Law for Judicial Operators,Beyond Borders Media,09-Jul-2021,UNESCO,CI/DIT/21/44,Multiple destinations,69620.00
128996,Video editing and production for online training course on AI and the Rule of Law for Judicial Operators,Beyond Borders Media,09-Jul-2021,UNESCO,CI/DIT/21/44,Multiple destinations,69620.00
122137,RFP-2021-009 Proctoring system development for testing remote control in the field of public service,Berekeli TobyLLP (Consortium Agreement with Bai Tabys LLP),26-Jun-2021,UNDP,RFP-2021-009,Multiple destinations,99176.00
129345,DEADLINE EXTENDED - Online training course on the role of access to information policies and practices,Centre for Law & Democracy,24-Jun-2021,UNESCO,RFP/CI/UAI/01/2021,Multiple destinations,33534.00
122272,Provision of due diligence tools and/or services for the IAEA,Bisnode D&B Austria GmbH,10-Jun-2021,IAEA,RFP - Request for Proposal No 417324-RL,Multiple destinations,
119316,"Protection from Sexual Exploitation and Abuse and Sexual Harassment (PSEAH) Survey on Knowledge, Capacity and Perceptions of UNFPA personnel",Agenda Consulting Limited,26-May-2021,UNFPA,UNFPA/USA/PSC/21/010,Multiple destinations,28195.00
119393,"DEADLINE EXTENDED - International consultancy to compile, analyze, and synthezise statistical and qualitative data on the status of school health and nutrition worldwide",Imperial College of Science Technology and Medicine,26-May-2021,UNESCO,RFQ/ED/HAE/21/006,Multiple destinations,43196.00
129902,Contract for services of management of the projects for the reconstruction of the National Museum and works of pre-consolidation and protection of the integrated properties,Setec Hidrobrasileira Obras e Projetos Ltda,01-May-2021,UNESCO,UNES 1636/2020,Brazil,403297.43
119407,Design and development of a global web platform and associated mobile application to promote and serve as entry point to the UN Decade of Ocean Science for Sustainable Development.,3 SIDED CUBE Design Ltd,17-Mar-2021,UNESCO,IOC/MPR: OCEAN DECADE WEB PLATFORM & MOBILE APPLICATION,Multiple destinations,176630.00
117343,UNFPA/USA/RFQ/21/008 - Request for Regional Private Sector Market Assessment,Global CAD,16-Mar-2021,UNFPA,UNFPA/USA/RFQ/21/008,Multiple destinations,44400.00
117060,External Evaluation of the International Task Force on Teachers for Education 2030 for its 2018-2021 Strategic Plan,TECHNOPOLIS FRANCE,05-Mar-2021,UNESCO,RFP/ED/TTF/12/2020,Multiple destinations,49900.00
116908,Global Staff Surveys 2021 and 2024,Agenda Consulting Limited,08-Feb-2021,UNFPA,UNFPA/USA/RFQ/20/081,Multiple destinations,
117498,LTA Global Communications Services for UNFPA HQ,Daniel J Edelman Ltd,23-Nov-2020,UNFPA,UNFPA/USA/RFP/20/009,Multiple destinations,200000.00
115310,Provision of Press Clipping Service for UNFPA,Meltwater Group,31-Aug-2020,UNFPA,UNFPA-USA-RFQ-20-050,Multiple destinations,49990.00
114548,"Services of planning, organizing, coordinating, carrying out (budgeting, and billing) and evaluating events - Re-bid",ABIC MARKETING CONSULTORIA PROMOCIONAL LTDAAGOGO MARKETING PROMOCIONAL LTDAGauche Promoções e Eventos LtdaJB PROPAGANDA E MARKETING EIRELIFULLBLESS EVENTOS EIRELIQueen Bee Turismo e Eventos Ltda,17-Aug-2020,UNESCO,Procurement JOF 1503/2019 (Secondary Number 0039/2019),Brazil,6500000.00
114154,RFQ Nº UNFPA/USA/RFQ/20/062 – Partner and media relations for UNFPA Supplies transition communications strategy,Mozaic Consulting,17-Jul-2020,UNFPA,UNFPA/USA/RFQ/20/062,Multiple destinations,48000.00
113632,"Provision of Coaching Services to Executive Individual and Team Coaching for UNFPA Senior Leaders, Supervision and Education for Internal Team Coaches and Meeting Facilitation Services",ecoachpro B.V.The Forton Group LimitedSMARTER NOT HARDER sprlMannet SarlKITE Global,26-Jun-2020,UNFPA,UNFPA/USA/RFP/19/013,Multiple destinations,
114609,Call for Partnership for Global Media Defence Fund,INTERNATIONAL BAR ASSOCIATION,22-May-2020,UNESCO,CI/FOE/GlobalMediaDefenceFund2020/01,Multiple destinations,416372.76
114131,Call for Partnership for Rapid Response Facility (RRF),Fauna & Flora International,04-Mar-2020,UNESCO,CLT/WHC/RRF,Multiple destinations,300000.00
112515,Establishment of a Long Term Agreement for the Provision of Professional Real Estates Services,Colliers International,30-Jan-2020,UNFPA,UNFPA/USA/RFQ/19/143,Multiple destinations,
112548,Asychronous Video Screening Tool,VidCruiter Inc.,01-Jan-2020,IAEA,RFP 304307-GHL,Multiple destinations,
111575,For the expansion of the processing capacity of the Brazilian Meteorological Service national monitoring network,Danoffice IT SA,28-Nov-2019,WMO,ITB 1903-19 (DRA),Brazil,1146572.65
111373,For the provision of Web Developer Services for JCOMM in situ Observations Programme Support Centre (JCOMMOPS),CELAD,15-Nov-2019,WMO,RFP 1925-19 (OBS),Multiple destinations,410.00
113294,"Bid for the technical development, design and launch of the International Task Force on Teachers for Education 2030’s new online Knowledge Platform on Teacher Policies, Practices and Research",Phoenix Design Aid A/S,17-Oct-2019,UNESCO,ED/ESC/TED/19/36,Multiple destinations,74476.00
107220,RFP 600637 LTAs for Renewable Energy Consultancy Services,"Ekistika Pty LtdIDOM, Consulting, Engineering, Architecture, SAUSistemes Avançats d’Energua Tèrmica / Azimut360Trama TecnoAmbiental S.L.WSP UK Limited",21-Feb-2019,UNDP,UNDP1-600637,Multiple destinations,
107198,Supply of Testing Services for TCu380A Intrauterine Contraceptive Devices,TRUSTIN ANALYTICAL SOLUTIONS PRIVATE LIMITED,11-Jan-2019,UNFPA,UNFPA/DNK/RFP/18/031,Multiple destinations,
107138,"Sampling and Inspection Services for Male Condoms, Female Condoms, Lubricants and IUDs","A/S Baltic Control Ltd., Aarhus",31-Oct-2018,UNFPA,UNFPA/DNK/18/022,Multiple destinations,
107139,"Sampling and Inspection Services for Male Condoms, Female Condoms, Lubricants and IUDs",VIGLIENZONE ADRIATICA S.R.L.,31-Oct-2018,UNFPA,UNFPA/DNK/18/022,Multiple destinations,
107140,"Sampling and Inspection Services for Male Condoms, Female Condoms, Lubricants and IUDs",Intertek Italia SpA,31-Oct-2018,UNFPA,UNFPA/DNK/18/022,Multiple destinations,
107174,"Sampling and Inspection Services for Male Condoms, Female Condoms, Lubricants and IUDs",Intertek Italia SpA,31-Oct-2018,UNFPA,UNFPA/DNK/18/022,Multiple destinations,
106088,"Fundraising Research Assignment on Hong Kong, Japan and Australia",Daryl Upsall & Associates SL,10-Oct-2018,UNFPA,UNFPA/USA/RFQ/18/083,Multiple destinations,77320.00
105583,TESTING SERVICES FOR TCu380A INTRAUTERINE CONTRACEPTIVE DEVICES - CANCELLED,UNFPA Procurement Services Branch,21-Sep-2018,UNFPA,UNFPA/DNK/RFP/18/026 CANCELLATION,Multiple destinations,
105224,FRAME AGREEMENT FOR THE PROVISION OF UNHCR PUBLIC SECTOR PARTNERSHIP (PSP) – GLOBAL DRN SALESFORCE PARTNERSHIP,Capgemini Italia S.p.A.,26-Jul-2018,UNHCR,RFP/2017/1041,Multiple destinations,
104732,Third party monitoring services,SREO Danismanlik Limited Sirketi,11-May-2018,UNFPA,RFP-UNFPA-TUR-18-001,Multiple destinations,140500.00
104847,FRAME AGREEMENT FOR THE PROVISION OF UNHCR PUBLIC SECTOR PARTNERSHIP (PSP) – GLOBAL DRN SALESFORCE PARTNERSHIP,Laputa Technologies Limited,03-May-2018,UNHCR,RFP/2017/1041,Multiple destinations,
104848,FRAME AGREEMENT FOR THE PROVISION OF UNHCR PUBLIC SECTOR PARTNERSHIP (PSP) – GLOBAL DRN SALESFORCE PARTNERSHIP,Pracedo Ltd,20-Apr-2018,UNHCR,RFP/2017/1041,Multiple destinations,
103915,The provision of branding services to OHCHR GENEVA,Purpose Global PBC,13-Mar-2018,UN Secretariat,UNOG 2018-4700013925,Multiple destinations,383500.00
104104,Safety & Security Awareness Tracking Mobile App for iOS/ Android (LOT1),Securaxis,05-Feb-2018,UNOPS,ITB/2017/1309,Multiple destinations,
103768,FRAME AGREEMENT FOR THE PROVISION OF MARKET DEVELOPMENT AND FUNDRAISING STRATEGY,The Management Centre,29-Jan-2018,UNHCR,RFP/2017/888,Multiple destinations,
103769,FRAME AGREEMENT FOR THE PROVISION OF MARKET DEVELOPMENT AND FUNDRAISING STRATEGY,Daryl Upsall & Associates SL,05-Jan-2018,UNHCR,RFP/2017/888,Multiple destinations,
103766,AGREEMENT FOR DIGITAL PRESERVATION SYSTEM,Arkivum Ltd,15-Dec-2017,UNHCR,RFP/2017/877,Multiple destinations,
103468,PROVISION OF BRAND MEASUREMENT AND STRATEGY SERVICES,ipsos,27-Nov-2017,UNHCR,RFP/2017/848,Multiple destinations,
104048,LTA 17/587 for testing male condoms,Family Health International 360,27-Oct-2017,UNFPA,UNFPA/DNK/RFP/17/010,Multiple destinations,
103548,LTA for testing male and female condoms,ENERSOL,20-Oct-2017,UNFPA,UNFPA/DNK/RFP/17/010,Multiple destinations,
111049,The provision of on-call intrusive surveys,PRAS Tecnica Edilizia Srl,02-Oct-2017,UN Secretariat,UNOG2017-4700012163,Multiple destinations,11183975.00
103037,Research Consultancy,Overseas Development Institute,03-Jun-2017,UNICEF,2017-502428,Multiple destinations,70583.20
102817,"Provision of Impact Assessment Survey Services in Benin, Bolivia, Brazil, Kenya and Senegal",365-AIDAfrican School of EconomicsCAPEL 5 BUSINESS SOLUTIONS LIMITEDFIRSTDATA  RESEARCH   CONSULTANTS   LIMITEDGeoeng SystemsGHMIGROUP INCICRAFInstituto de Estudos do Trabalho e Sociedade - IETSKantar BelgiumKimetricaPlan Consultoria e Pesquisa em Cienciais Sociais Ltda EPP,30-May-2017,IFAD,IFAD/2017/006/RFP,Multiple destinations,500000.00
103059,Developing an Operational Model & Results Framework for Education Cannot Wait,"devartisQuoin IncTrigyn Technologies, Inc.JOZIAN LTD",25-Apr-2017,UNICEF,RFPS-USA-2016-502307,Multiple destinations,
103041,Cognitive Testing of revised ECDI (Re-advertisement),RTI International (United States of America),19-Apr-2017,UNICEF,RFPS-NYH-2017-502366,Multiple destinations,99999.00
103046,Climate Change and Environment Mapping and GIS Services,Blue Raster LLC,26-Jan-2017,UNICEF,502308,Multiple destinations,17520.00
149777,Multimedia Asset Production – WMO 75th Anniversary Communication,Rec Design LTDA,19-Aug-2025,WMO,RFQ 2525-25,Switzerland,
149846,Multimedia Asset Production – WMO 75th Anniversary Communication,Rec Design LTDA,19-Aug-2025,WMO,RFQ 2525-25,Switzerland,7762.56
137586,Provision of LTAs for Graphic Design Services,Rec Design Ltda - ME,11-Sep-2023,IFAD,IFAD/2023/009/RFP,Italy,
136603,LOT 3: Secure Code Review Services (RFP for Information Security Framework Services - AFMS_SIAD/2021/731/RFP),GMV SOLUCIONES GLOBALES INTERNET SAUUniSystems Information Technology Systems Commercial SAKRYPTUS Seguranca da Informacao S.A.,20-Jul-2023,WIPO,rfx_57,Switzerland,
133994,"GCPS_GCD/2022/914/RFQ “Matchmaking Consultant” - WIPO GREEN LAC Acceleration Project Phase 3, 2022-23 Brazil",Agrosuisse Serviços Técnicos e Agropecuários Ltda.,21-Dec-2022,WIPO,rfx_209,Switzerland,
131428,LOT 3: Secure Code Review Services (RFP for Information Security Framework Services - AFMS_SIAD/2021/731/RFP),GMV SOLUCIONES GLOBALES INTERNET SAUUniSystems Information Technology Systems Commercial SAKRYPTUS Seguranca da Informacao S.A.,20-Jul-2022,WIPO,rfx_57,Switzerland,
106364,LRPS-2018-9142726 Regional Face-to-Face Fundraising Services,APPCO BRASIL SERVICOS DE PROMOCAO DE VENDAS LTDA21 Capital Management SASINNOVACION SOCIAL Y FUNDRAISING SPAPROA CONSULTING PARA OSC S.AInternational Fundraising Colombia SAS,05-Dec-2018,UNICEF,LRPS-2018-9142726,Multiple destinations,
